{
    "rmse": 0.7031032412205774,
    "mae": 0.553005656438164,
    "r2": 0.24726475460956943
}